<?xml version="1.0" encoding="UTF-8" standalone="no"?>
<catalog prefer="public" xmlns="urn:oasis:names:tc:entity:xmlns:xml:catalog">
    <uri name="http://purl.obolibrary.org/obo/ico/RO_OntoFox_import.owl" uri="RO_OntoFox_import.owl"/>
    <uri name="http://purl.obolibrary.org/obo/iao/d-acts.owl" uri="d-acts.owl"/>
    <uri name="http://purl.obolibrary.org/obo/bfo.owl" uri="BFO2_OntoFox_import.owl"/>
    <uri name="http://purl.obolibrary.org/obo/ico/IAO_OntoFox_import.owl" uri="IAO_OntoFox_import.owl"/>
    <uri name="http://purl.obolibrary.org/obo/ico/OAE_OntoFox_import.owl" uri="OAE_OntoFox_import.owl"/>
    <uri name="http://purl.obolibrary.org/obo/ico/OGMS_OntoFox_import.owl" uri="OGMS_OntoFox_import.owl"/>
    <uri name="http://purl.obolibrary.org/obo/ico/external.owl" uri="external/external.owl"/>
    <uri name="http://purl.obolibrary.org/obo/obi.owl" uri="OBI_OntoFox_import.owl"/>
</catalog>
